node_id,lat,lon,label
9000001,18.75,73.4,Lonavala Mountain
9000002,18.8,73.35,Khandala Peak
9000003,18.85,73.3,Matheran Hill Station
9000004,18.9,73.25,Prabalgad Fort
9000005,18.95,73.2,Raigad Fort
9000010,30.7333,79.0667,Badrinath Mountain
9000011,30.75,79.1,Kedarnath Peak
9000012,30.8,79.15,Gangotri Ridge
9000020,19.0,73.15,Sinhagad Fort
9000021,19.05,73.1,Torna Fort
9000022,19.1,73.05,Rajgad Fort
8000001,18.6,73.7,Mulshi Village
8000002,18.65,73.65,Lavasa Rural Area
8000003,18.7,73.6,Panshet Village
8000004,18.55,73.75,Khadakwasla Rural
8000005,18.5,73.8,Saswad Village
8000010,18.45,73.85,Purandar Village
8000011,18.4,73.9,Baramati Rural
8000012,18.35,73.95,Indapur Village
8000020,19.2,74.0,Ahmednagar Rural
8000021,19.25,74.05,Shirdi Village
8000022,19.3,74.1,Kopargaon Rural
7000001,18.5204,73.8567,Pune City Center
7000002,18.4986,73.8638,Swargate
7000003,18.531,73.8567,Shivaji Nagar
7000004,18.5165,73.8397,FC Road
7000005,18.5205,73.855,Deccan
7000006,18.539,73.9016,Koregaon Park
7000007,18.5596,73.7938,Baner
7000008,18.563,73.8203,Aundh
7000009,18.5933,73.7388,Hinjewadi
7000010,18.4988,73.8107,Kothrud
7000011,18.5537,73.9006,Yerawada
7000012,18.598,73.7814,Pimple Saudagar
7000013,18.5167,73.8562,Camp
7000014,18.5065,73.9143,Magarpatta
7000015,18.5286,73.8768,Pune Railway Station
7000016,18.43,73.8676,Katraj
7000017,18.49,73.9249,Hadapsar
