u,v,distance_km,safety_score,key
9000001,9000002,7.6563396022,51,0
9000001,9000003,15.3116039469,40,1
9000001,9000004,22.9657900913,41,2
9000001,9000005,30.6188950913,48,3
9000001,9000020,38.2709160010,42,4
9000001,9000021,45.9218498734,52,5
9000001,8000001,35.7336302483,46,6
9000001,8000002,28.5828129463,48,7
9000001,8000003,21.7833327091,46,8
9000001,8000004,43.0616715075,43,9
9000001,7000007,46.5777578719,50,10
9000001,7000008,48.9186486642,54,11
9000001,7000009,39.7162973545,56,12
9000001,7000012,43.5874240627,56,13
9000002,9000003,7.6552646978,86,14
9000002,9000004,15.3094515504,81,15
9000002,9000005,22.9625576153,71,16
9000002,9000020,30.6145799486,74,17
9000002,9000021,38.2655156050,75,18
9000002,9000022,45.9153616375,86,19
9000002,8000001,43.0523595122,77,20
9000002,8000002,35.7253763028,70,21
9000002,8000003,28.5756387978,81,22
9000002,7000009,46.9601787188,71,23
9000003,9000004,7.6541872075,88,24
9000003,9000005,15.3072939842,85,25
9000003,9000020,22.9593173880,73,26
9000003,9000021,30.6102544753,73,27
9000003,9000022,38.2601023011,71,28
9000003,8000002,43.0430242138,62,29
9000003,8000003,35.7171016140,86,30
9000004,9000005,7.6531071335,82,31
9000004,9000020,15.3051312527,83,32
9000004,9000021,22.9560694160,75,33
9000004,9000022,30.6059186801,76,34
9000004,8000003,43.0336656255,73,35
9000005,9000020,7.6520244779,82,36
9000005,9000021,15.3029633603,78,37
9000005,9000022,22.9528137059,89,38
9000010,9000011,3.6846235184,48,39
9000010,9000012,10.8789545856,55,40
9000011,9000012,7.3300057551,85,41
9000020,9000021,7.6509392429,79,42
9000020,9000022,15.3007903114,88,43
9000021,9000022,7.6498514308,82,44
8000001,8000002,7.6595487778,61,45
8000001,8000003,15.3180300745,89,46
8000001,8000004,7.6606133166,60,47
8000001,8000005,15.3222882311,70,48
8000001,8000010,22.9850218042,80,49
8000001,8000011,30.6488110979,65,50
8000001,8000012,38.3136531756,82,51
8000001,7000001,18.7399756890,77,52
8000001,7000002,20.6227266882,75,53
8000001,7000003,18.2124678050,73,54
8000001,7000004,17.4088271589,71,55
8000001,7000005,18.5769180477,74,56
8000001,7000006,22.3061153599,89,57
8000001,7000007,10.8592331684,70,58
8000001,7000008,13.3302239609,71,59
8000001,7000009,4.1564110365,79,60
8000001,7000010,16.2114997221,79,61
8000001,7000011,21.7612800460,73,62
8000001,7000012,8.5814373978,75,63
8000001,7000013,18.8919689607,72,64
8000001,7000014,24.8682236671,80,65
8000001,7000015,20.2569875536,80,66
8000001,7000016,25.8769411481,72,67
8000001,7000017,26.6783358450,75,68
8000002,8000003,7.6584816444,71,69
8000002,8000004,15.3201617485,71,70
8000002,8000005,22.9818359732,60,71
8000002,8000010,30.6445685141,61,72
8000002,8000011,38.3083564352,73,73
8000002,8000012,45.9731968017,58,74
8000002,7000001,26.1204138498,62,75
8000002,7000002,28.1291075797,70,76
8000002,7000003,25.4885188831,72,77
8000002,7000004,24.9021104424,72,78
8000002,7000005,25.9649911242,70,79
8000002,7000006,29.2480942398,69,80
8000002,7000007,18.1849858393,69,81
8000002,7000008,20.3879962738,64,82
8000002,7000009,11.2830260497,59,83
8000002,7000010,23.8656609087,74,84
8000002,7000011,28.4979819567,62,85
8000002,7000012,15.0047365364,69,86
8000002,7000013,26.3062744909,62,87
8000002,7000014,32.1035871170,68,88
8000002,7000015,27.4516168592,70,89
8000002,7000016,33.5363774348,63,90
8000002,7000017,34.0019697203,67,91
8000003,8000004,22.9786423517,71,92
8000003,8000005,30.6403155387,81,93
8000003,8000010,38.3030466998,72,94
8000003,8000011,45.9668329006,57,95
8000003,7000001,33.6242981115,78,96
8000003,7000002,35.6991186951,86,97
8000003,7000003,32.9372101461,71,98
8000003,7000004,32.4715789060,88,99
8000003,7000005,33.4737030926,79,100
8000003,7000006,36.4764552075,80,101
8000003,7000007,25.7044927859,72,102
8000003,7000008,27.7647962664,80,103
8000003,7000009,18.8313321880,73,104
8000003,7000010,31.5212957743,89,105
8000003,7000011,35.6076538942,70,106
8000003,7000012,22.2237531630,76,107
8000003,7000013,33.8284388429,71,108
8000003,7000014,39.4974290704,83,109
8000003,7000015,34.8432088312,86,110
8000003,7000016,41.1948005082,71,111
8000003,7000017,41.4454770673,74,112
8000004,8000005,7.6616752586,55,113
8000004,8000010,15.3244095180,66,114
8000004,8000011,22.9881998384,59,115
8000004,8000012,30.6530432815,58,116
8000004,7000001,11.7206944716,63,117
8000004,7000002,13.2901020531,57,118
8000004,7000003,11.4454022289,59,119
8000004,7000004,10.1641097928,70,120
8000004,7000005,11.5456227185,58,121
8000004,7000006,16.0286125471,72,122
8000004,7000007,4.7389674288,56,123
8000004,7000008,7.5502685349,68,124
8000004,7000009,4.9573559788,71,125
8000004,7000010,8.5656347812,57,126
8000004,7000011,15.8811007626,73,127
8000004,7000012,6.2802236925,63,128
8000004,7000013,11.7928690504,57,129
8000004,7000014,17.9850208167,68,130
8000004,7000015,13.5779718550,55,131
8000004,7000016,18.2165644712,66,132
8000004,7000017,19.6106067656,62,133
8000005,8000010,7.6627346016,84,134
8000005,8000011,15.3265256047,64,135
8000005,8000012,22.9913700692,77,136
8000005,7000001,6.3944557361,81,137
8000005,7000002,6.7294604185,70,138
8000005,7000003,6.9009724622,78,139
8000005,7000004,4.5705295958,76,140
8000005,7000005,6.2312434380,81,141
8000005,7000006,11.5568635210,82,142
8000005,7000007,6.6593765500,86,143
8000005,7000008,7.3249216798,72,144
8000005,7000009,12.2169742100,77,145
8000005,7000010,1.1361684706,83,146
8000005,7000011,12.1717830728,75,147
8000005,7000012,11.0721058324,70,148
8000005,7000013,6.2100689667,75,149
8000005,7000014,12.0742184476,84,150
8000005,7000015,8.6998682545,80,151
8000005,7000016,10.5555231237,79,152
8000005,7000017,13.2177912824,73,153
8000010,8000011,7.6637913435,61,154
8000010,8000012,15.3286364871,87,155
8000010,7000001,7.8599456225,78,156
8000010,7000002,5.5966268307,78,157
8000010,7000003,9.0344593800,80,158
8000010,7000004,7.4738189639,84,159
8000010,7000005,7.8569557869,83,160
8000010,7000006,11.2936174948,89,161
8000010,7000007,13.5513913264,83,162
8000010,7000008,12.9494207795,86,163
8000010,7000009,19.7828644568,71,164
8000010,7000010,6.8281672951,71,165
8000010,7000011,12.7055551548,73,166
8000010,7000012,17.9761183722,84,167
8000010,7000013,7.4454668908,80,168
8000010,7000014,9.2441806400,70,169
8000010,7000015,9.1855130252,88,170
8000010,7000016,2.8969802033,89,171
8000010,7000017,9.0655906833,80,172
8000011,8000012,7.6648454822,61,173
8000011,7000001,14.1454038093,67,174
8000011,7000002,11.6097081349,69,175
8000011,7000003,15.2656500410,59,176
8000011,7000004,14.4313031204,65,177
8000011,7000005,14.2147882957,69,178
8000011,7000006,15.4570159627,55,179
8000011,7000007,20.9853563699,68,180
8000011,7000008,19.9788464088,74,181
8000011,7000009,27.4033891783,66,182
8000011,7000010,14.4712715968,66,183
8000011,7000011,17.0907773672,64,184
8000011,7000012,25.3206982290,62,185
8000011,7000013,13.7742711737,64,186
8000011,7000014,11.9379298523,63,187
8000011,7000015,14.5075122841,58,188
8000011,7000016,4.7762112859,70,189
8000011,7000017,10.3464734618,70,190
8000012,7000001,21.3513167917,85,191
8000012,7000002,18.8606326645,71,192
8000012,7000003,22.4037457789,73,193
8000012,7000004,21.8666842769,81,194
8000012,7000005,21.4444002329,70,195
8000012,7000006,21.6270750953,76,196
8000012,7000007,28.5417358437,89,197
8000012,7000008,27.3514790495,89,198
8000012,7000009,35.0436139814,72,199
8000012,7000010,22.1296370788,81,200
8000012,7000011,23.2420216636,75,201
8000012,7000012,32.8120522382,80,202
8000012,7000013,21.0119064912,74,203
8000012,7000014,17.8048667349,89,204
8000012,7000015,21.3077237353,89,205
8000012,7000016,12.4389183605,73,206
8000012,7000017,15.7908961082,87,207
8000020,8000021,7.6465725538,69,208
8000020,8000022,15.2920466393,67,209
8000021,8000022,7.6454744553,74,210
7000001,7000002,2.5370227641,80,211
7000001,7000003,1.1786662224,76,212
7000001,7000004,1.8441496754,77,213
7000001,7000005,0.1795860804,70,214
7000001,7000006,5.1659159800,88,215
7000001,7000007,7.9354902140,88,216
7000001,7000008,6.0962197221,72,217
7000001,7000009,14.8381626191,80,218
7000001,7000010,5.4124670694,76,219
7000001,7000011,5.9271312864,71,220
7000001,7000012,11.7243125515,78,221
7000001,7000013,0.4147851083,85,222
7000001,7000014,6.2669578740,89,223
7000001,7000015,2.3070450973,78,224
7000001,7000016,10.1175400636,72,225
7000001,7000017,7.9462359762,74,226
7000002,7000003,3.6796731026,84,227
7000002,7000004,3.2279040133,77,228
7000002,7000005,2.6059626404,71,229
7000002,7000006,6.0054102115,71,230
7000002,7000007,10.0236892589,88,231
7000002,7000008,8.5036723971,87,232
7000002,7000009,16.8680819055,79,233
7000002,7000010,5.5994168296,80,234
7000002,7000011,7.2520319722,88,235
7000002,7000012,14.0577220564,87,236
7000002,7000013,2.1663042038,77,237
7000002,7000014,5.3970525822,83,238
7000002,7000015,3.6064897210,83,239
7000002,7000016,7.6384938304,73,240
7000002,7000017,6.5137125082,89,241
7000003,7000004,2.4108555003,76,242
7000003,7000005,1.1812243190,84,243
7000003,7000006,4.8165399481,77,244
7000003,7000007,7.3541344727,80,245
7000003,7000008,5.2331422976,88,246
7000003,7000009,14.2282093334,76,247
7000003,7000010,6.0286368034,71,248
7000003,7000011,5.2716317515,80,249
7000003,7000012,10.8859575460,79,250
7000003,7000013,1.5909610895,86,251
7000003,7000014,6.6562184882,77,252
7000003,7000015,2.1358887544,86,253
7000003,7000016,11.2893642569,77,254
7000003,7000017,8.5145327448,87,255
7000004,7000005,1.6733849557,73,256
7000004,7000006,6.9893483869,71,257
7000004,7000007,6.8105950827,71,258
7000004,7000008,5.5603689029,87,259
7000004,7000009,13.6403786372,70,260
7000004,7000010,3.6365138107,80,261
7000004,7000011,7.6376184517,89,262
7000004,7000012,10.9496715330,77,263
7000004,7000013,1.7398782514,84,264
7000004,7000014,7.9441555286,78,265
7000004,7000015,4.1365615045,83,266
7000004,7000016,10.0583825171,74,267
7000004,7000017,9.4549599027,76,268
7000005,7000006,5.3263337714,81,269
7000005,7000007,7.7801282659,84,270
7000005,7000008,5.9762291423,88,271
7000005,7000009,14.6822536332,82,272
7000005,7000010,5.2575250795,81,273
7000005,7000011,6.0613315244,87,274
7000005,7000012,11.5954725404,88,275
7000005,7000013,0.4410772971,71,276
7000005,7000014,6.4434970779,74,277
7000005,7000015,2.4686254193,72,278
7000005,7000016,10.1504993281,83,279
7000005,7000017,8.1134632868,71,280
7000006,7000007,11.5926578817,84,281
7000006,7000008,8.9763074455,75,282
7000006,7000009,18.1916450900,77,283
7000006,7000010,10.5753858894,81,284
7000006,7000011,1.6379613966,71,285
7000006,7000012,14.2676415572,78,286
7000006,7000013,5.3907461101,79,287
7000006,7000014,3.8539308091,83,288
7000006,7000015,2.8589378268,82,289
7000006,7000016,12.6394931422,73,290
7000006,7000017,5.9768156046,81,291
7000007,7000008,2.8188584793,73,292
7000007,7000009,6.9027717433,87,293
7000007,7000010,6.9915055402,88,294
7000007,7000011,11.2772970673,89,295
7000007,7000012,4.4654304210,85,296
7000007,7000013,8.1260409329,77,297
7000007,7000014,14.0091850480,84,298
7000007,7000015,9.4044915383,88,299
7000007,7000016,16.3779727209,82,300
7000007,7000017,15.8414492215,79,301
7000008,7000009,9.2272501122,84,302
7000008,7000010,7.2101067629,79,303
7000008,7000011,8.5275811994,75,304
7000008,7000012,5.6530069069,81,305
7000008,7000013,6.3897907695,77,306
7000008,7000014,11.7337747006,85,307
7000008,7000015,7.0787337007,87,308
7000008,7000016,15.6073935969,89,309
7000008,7000017,13.6934780562,75,310
7000009,7000010,12.9564123435,89,311
7000009,7000011,17.6135597227,89,312
7000009,7000012,4.5199179850,82,313
7000009,7000013,15.0235273311,73,314
7000009,7000014,20.8671376076,87,315
7000009,7000015,16.2285500047,73,316
7000009,7000016,22.6750485275,73,317
7000009,7000017,22.7343923773,84,318
7000010,7000011,11.2741316767,79,319
7000010,7000012,11.4548359783,85,320
7000010,7000013,5.1941886554,89,321
7000010,7000014,10.9578255796,70,322
7000010,7000015,7.7172155342,72,323
7000010,7000016,9.7232250014,84,324
7000010,7000017,12.0823329726,70,325
7000011,7000012,13.4950658803,83,326
7000011,7000013,6.2320262757,83,327
7000011,7000014,5.4435266579,79,328
7000011,7000015,3.7530132290,73,329
7000011,7000016,14.1882023754,72,330
7000011,7000017,7.5322498445,71,331
7000012,7000013,11.9956769248,79,332
7000012,7000014,17.3145385191,73,333
7000012,7000015,12.6757988907,83,334
7000012,7000016,20.7744821369,89,335
7000012,7000017,19.3151192400,73,336
7000013,7000014,6.2302653016,85,337
7000013,7000015,2.5432870302,76,338
7000013,7000016,9.7152819460,81,339
7000013,7000017,7.8289636830,79,340
7000014,7000015,4.6553588804,87,341
7000014,7000016,9.8294613700,76,342
7000014,7000017,2.1483924764,76,343
7000015,7000016,11.0066671084,70,344
7000015,7000017,6.6442149815,81,345
7000016,7000017,9.0020509013,73,346
8000004,3987173107,1.6366029068,65,347
3987173107,8000004,1.6366029068,65,348
8000005,1715987028,0.0476817541,65,349
1715987028,8000005,0.0476817541,65,350
8000010,4345597419,0.0167418080,65,351
4345597419,8000010,0.0167418080,65,352
8000011,10248261609,4.6007447108,65,353
10248261609,8000011,4.6007447108,65,354
8000004,3987173107,1.6366029068,65,355
3987173107,8000004,1.6366029068,65,356
8000005,1715987028,0.0476817541,65,357
1715987028,8000005,0.0476817541,65,358
8000010,4345597419,0.0167418080,65,359
4345597419,8000010,0.0167418080,65,360
8000011,10248261609,4.6007447108,65,361
10248261609,8000011,4.6007447108,65,362
